Window Size,Queueing Delay
1000,0
2000,1.5534E-06
5000,1.5534E-05
10000,6.99029E-05
15000,0.000163107
20000,0.000295146
